Finding Title,Finding Description & Remediation,status,First Seen,severity,confidence,triage_state,triaged_at,triage_comment,state_updated_at,repository,location
javascript.express.security.audit.remote-property-injection.remote-property-injection,"Bracket object notation with user input is present, this might allow an attacker to access all properties of the object and even it's prototype. Use literal values for object properties.",open,2024-08-28T17:02:07.491027Z,high,low,untriaged,,,,"{'name': 'Semgrep-Demo/go-app', 'url': 'https://github.com/Semgrep-Demo/go-app'}","{'file_path': 'public/js/jquery-3.2.1-min.js', 'line': 4, 'column': 21458, 'end_line': 4, 'end_column': 21886}"
go.lang.security.audit.sqli.gosql-sqli.gosql-sqli,"Detected string concatenation with a non-literal variable in a ""database/sql"" Go SQL statement. This could lead to SQL injection if the variable is user-controlled and not properly sanitized. In order to prevent SQL injection, use parameterized queries or prepared statements instead. You can use prepared statements with the 'Prepare' and 'PrepareContext' calls.",open,2024-08-19T14:19:00.924282Z,high,low,untriaged,,,,"{'name': 'Semgrep-Demo/go-app', 'url': 'https://github.com/Semgrep-Demo/go-app'}","{'file_path': 'util/database/database.go', 'line': 24, 'column': 11, 'end_line': 24, 'end_column': 68}"
python.django.security.audit.xss.var-in-script-tag.var-in-script-tag,"Detected a template variable used in a script tag. Although template variables are HTML escaped, HTML escaping does not always prevent cross-site scripting (XSS) attacks when used directly in JavaScript. If you need this data on the rendered page, consider placing it in the HTML portion (outside of a script tag). Alternatively, use a JavaScript-specific encoder, such as the one available in OWASP ESAPI. For Django, you may also consider using the 'json_script' template tag and retrieving the data in your script by using the element ID (e.g., `document.getElementById`).",open,2024-08-19T14:19:00.924276Z,high,low,untriaged,,,,"{'name': 'Semgrep-Demo/go-app', 'url': 'https://github.com/Semgrep-Demo/go-app'}","{'file_path': 'templates/template.header.html', 'line': 13, 'column': 41, 'end_line': 13, 'end_column': 52}"
python.django.security.audit.xss.var-in-script-tag.var-in-script-tag,"Detected a template variable used in a script tag. Although template variables are HTML escaped, HTML escaping does not always prevent cross-site scripting (XSS) attacks when used directly in JavaScript. If you need this data on the rendered page, consider placing it in the HTML portion (outside of a script tag). Alternatively, use a JavaScript-specific encoder, such as the one available in OWASP ESAPI. For Django, you may also consider using the 'json_script' template tag and retrieving the data in your script by using the element ID (e.g., `document.getElementById`).",open,2024-08-19T14:19:00.924271Z,high,low,untriaged,,,,"{'name': 'Semgrep-Demo/go-app', 'url': 'https://github.com/Semgrep-Demo/go-app'}","{'file_path': 'templates/template.header.html', 'line': 14, 'column': 41, 'end_line': 14, 'end_column': 52}"
dgryski.semgrep-go.errnilcheck.err-nil-check,superfluous nil err check before return,open,2024-08-19T14:19:00.924266Z,high,low,untriaged,,,,"{'name': 'Semgrep-Demo/go-app', 'url': 'https://github.com/Semgrep-Demo/go-app'}","{'file_path': 'setup/function.go', 'line': 58, 'column': 2, 'end_line': 61, 'end_column': 12}"
dgryski.semgrep-go.errnilcheck.err-nil-check,superfluous nil err check before return,open,2024-08-19T14:19:00.924260Z,high,low,untriaged,,,,"{'name': 'Semgrep-Demo/go-app', 'url': 'https://github.com/Semgrep-Demo/go-app'}","{'file_path': 'setup/function.go', 'line': 74, 'column': 2, 'end_line': 77, 'end_column': 12}"
dgryski.semgrep-go.errnilcheck.err-nil-check,superfluous nil err check before return,open,2024-08-19T14:19:00.924255Z,high,low,untriaged,,,,"{'name': 'Semgrep-Demo/go-app', 'url': 'https://github.com/Semgrep-Demo/go-app'}","{'file_path': 'vulnerability/idor/function.go', 'line': 50, 'column': 2, 'end_line': 53, 'end_column': 12}"
dgryski.semgrep-go.errnilcheck.err-nil-check,superfluous nil err check before return,open,2024-08-19T14:19:00.924248Z,high,low,untriaged,,,,"{'name': 'Semgrep-Demo/go-app', 'url': 'https://github.com/Semgrep-Demo/go-app'}","{'file_path': 'vulnerability/idor/function.go', 'line': 76, 'column': 2, 'end_line': 79, 'end_column': 12}"
dgryski.semgrep-go.errnilcheck.err-nil-check,superfluous nil err check before return,open,2024-08-19T14:19:00.924243Z,high,low,untriaged,,,,"{'name': 'Semgrep-Demo/go-app', 'url': 'https://github.com/Semgrep-Demo/go-app'}","{'file_path': 'vulnerability/sqli/function.go', 'line': 76, 'column': 2, 'end_line': 79, 'end_column': 12}"
dgryski.semgrep-go.ioutil.deprecated-ioutil-readfile,ioutil.ReadFile is deprecated,open,2024-08-19T14:19:00.924238Z,high,low,untriaged,,,,"{'name': 'Semgrep-Demo/go-app', 'url': 'https://github.com/Semgrep-Demo/go-app'}","{'file_path': 'util/config/config.go', 'line': 24, 'column': 14, 'end_line': 24, 'end_column': 51}"
go.gorilla.security.audit.session-cookie-missing-httponly.session-cookie-missing-httponly,A session cookie was detected without setting the 'HttpOnly' flag. The 'HttpOnly' flag for cookies instructs the browser to forbid client-side scripts from reading the cookie which mitigates XSS attacks. Set the 'HttpOnly' flag by setting 'HttpOnly' to 'true' in the Options struct.,open,2024-08-19T14:19:00.924232Z,medium,medium,untriaged,,,,"{'name': 'Semgrep-Demo/go-app', 'url': 'https://github.com/Semgrep-Demo/go-app'}","{'file_path': 'user/session/session.go', 'line': 28, 'column': 20, 'end_line': 32, 'end_column': 3}"
go.gorilla.security.audit.session-cookie-missing-httponly.session-cookie-missing-httponly,A session cookie was detected without setting the 'HttpOnly' flag. The 'HttpOnly' flag for cookies instructs the browser to forbid client-side scripts from reading the cookie which mitigates XSS attacks. Set the 'HttpOnly' flag by setting 'HttpOnly' to 'true' in the Options struct.,open,2024-08-19T14:19:00.924227Z,medium,medium,untriaged,,,,"{'name': 'Semgrep-Demo/go-app', 'url': 'https://github.com/Semgrep-Demo/go-app'}","{'file_path': 'user/session/session.go', 'line': 67, 'column': 20, 'end_line': 70, 'end_column': 3}"
go.gorilla.security.audit.session-cookie-missing-secure.session-cookie-missing-secure,A session cookie was detected without setting the 'Secure' flag. The 'secure' flag for cookies prevents the client from transmitting the cookie over insecure channels such as HTTP. Set the 'Secure' flag by setting 'Secure' to 'true' in the Options struct.,open,2024-08-19T14:19:00.924222Z,medium,medium,untriaged,,,,"{'name': 'Semgrep-Demo/go-app', 'url': 'https://github.com/Semgrep-Demo/go-app'}","{'file_path': 'user/session/session.go', 'line': 28, 'column': 20, 'end_line': 32, 'end_column': 3}"
go.gorilla.security.audit.session-cookie-missing-secure.session-cookie-missing-secure,A session cookie was detected without setting the 'Secure' flag. The 'secure' flag for cookies prevents the client from transmitting the cookie over insecure channels such as HTTP. Set the 'Secure' flag by setting 'Secure' to 'true' in the Options struct.,open,2024-08-19T14:19:00.924216Z,medium,medium,untriaged,,,,"{'name': 'Semgrep-Demo/go-app', 'url': 'https://github.com/Semgrep-Demo/go-app'}","{'file_path': 'user/session/session.go', 'line': 67, 'column': 20, 'end_line': 70, 'end_column': 3}"
go.lang.security.audit.crypto.use_of_weak_crypto.use-of-md5,Detected MD5 hash algorithm which is considered insecure. MD5 is not collision resistant and is therefore not suitable as a cryptographic signature. Use SHA256 or SHA3 instead.,open,2024-08-19T14:19:00.924211Z,medium,medium,untriaged,,,,"{'name': 'Semgrep-Demo/go-app', 'url': 'https://github.com/Semgrep-Demo/go-app'}","{'file_path': 'user/user.go', 'line': 160, 'column': 12, 'end_line': 160, 'end_column': 21}"
go.lang.security.audit.crypto.use_of_weak_crypto.use-of-md5,Detected MD5 hash algorithm which is considered insecure. MD5 is not collision resistant and is therefore not suitable as a cryptographic signature. Use SHA256 or SHA3 instead.,open,2024-08-19T14:19:00.924204Z,medium,medium,untriaged,,,,"{'name': 'Semgrep-Demo/go-app', 'url': 'https://github.com/Semgrep-Demo/go-app'}","{'file_path': 'vulnerability/csa/csa.go', 'line': 62, 'column': 12, 'end_line': 62, 'end_column': 21}"
go.lang.security.audit.crypto.use_of_weak_crypto.use-of-md5,Detected MD5 hash algorithm which is considered insecure. MD5 is not collision resistant and is therefore not suitable as a cryptographic signature. Use SHA256 or SHA3 instead.,open,2024-08-19T14:19:00.924199Z,medium,medium,untriaged,,,,"{'name': 'Semgrep-Demo/go-app', 'url': 'https://github.com/Semgrep-Demo/go-app'}","{'file_path': 'vulnerability/idor/idor.go', 'line': 164, 'column': 12, 'end_line': 164, 'end_column': 21}"
go.lang.security.audit.database.string-formatted-query.string-formatted-query,String-formatted SQL query detected. This could lead to SQL injection if the string is not sanitized properly. Audit this call to ensure the SQL is not manipulable by external data.,open,2024-08-19T14:19:00.924193Z,medium,low,untriaged,,,,"{'name': 'Semgrep-Demo/go-app', 'url': 'https://github.com/Semgrep-Demo/go-app'}","{'file_path': 'util/database/database.go', 'line': 24, 'column': 11, 'end_line': 24, 'end_column': 68}"
go.lang.security.audit.database.string-formatted-query.string-formatted-query,String-formatted SQL query detected. This could lead to SQL injection if the string is not sanitized properly. Audit this call to ensure the SQL is not manipulable by external data.,open,2024-08-19T14:19:00.924187Z,medium,low,untriaged,,,,"{'name': 'Semgrep-Demo/go-app', 'url': 'https://github.com/Semgrep-Demo/go-app'}","{'file_path': 'vulnerability/sqli/function.go', 'line': 37, 'column': 2, 'end_line': 40, 'end_column': 27}"
go.lang.security.audit.net.cookie-missing-httponly.cookie-missing-httponly,A session cookie was detected without setting the 'HttpOnly' flag. The 'HttpOnly' flag for cookies instructs the browser to forbid client-side scripts from reading the cookie which mitigates XSS attacks. Set the 'HttpOnly' flag by setting 'HttpOnly' to 'true' in the Cookie.,open,2024-08-19T14:19:00.924181Z,medium,medium,untriaged,,,,"{'name': 'Semgrep-Demo/go-app', 'url': 'https://github.com/Semgrep-Demo/go-app'}","{'file_path': 'util/cookie.go', 'line': 32, 'column': 12, 'end_line': 37, 'end_column': 3}"
go.lang.security.audit.net.cookie-missing-httponly.cookie-missing-httponly,A session cookie was detected without setting the 'HttpOnly' flag. The 'HttpOnly' flag for cookies instructs the browser to forbid client-side scripts from reading the cookie which mitigates XSS attacks. Set the 'HttpOnly' flag by setting 'HttpOnly' to 'true' in the Cookie.,open,2024-08-19T14:19:00.924176Z,medium,medium,untriaged,,,,"{'name': 'Semgrep-Demo/go-app', 'url': 'https://github.com/Semgrep-Demo/go-app'}","{'file_path': 'util/cookie.go', 'line': 48, 'column': 14, 'end_line': 52, 'end_column': 4}"
go.lang.security.audit.net.cookie-missing-secure.cookie-missing-secure,A session cookie was detected without setting the 'Secure' flag. The 'secure' flag for cookies prevents the client from transmitting the cookie over insecure channels such as HTTP. Set the 'Secure' flag by setting 'Secure' to 'true' in the Options struct.,open,2024-08-19T14:19:00.924170Z,medium,medium,untriaged,,,,"{'name': 'Semgrep-Demo/go-app', 'url': 'https://github.com/Semgrep-Demo/go-app'}","{'file_path': 'util/cookie.go', 'line': 32, 'column': 12, 'end_line': 37, 'end_column': 3}"
go.lang.security.audit.net.cookie-missing-secure.cookie-missing-secure,A session cookie was detected without setting the 'Secure' flag. The 'secure' flag for cookies prevents the client from transmitting the cookie over insecure channels such as HTTP. Set the 'Secure' flag by setting 'Secure' to 'true' in the Options struct.,open,2024-08-19T14:19:00.924164Z,medium,medium,untriaged,,,,"{'name': 'Semgrep-Demo/go-app', 'url': 'https://github.com/Semgrep-Demo/go-app'}","{'file_path': 'util/cookie.go', 'line': 48, 'column': 14, 'end_line': 52, 'end_column': 4}"
go.lang.security.audit.net.formatted-template-string.formatted-template-string,"Found a formatted template string passed to 'template.HTML()'. 'template.HTML()' does not escape contents. Be absolutely sure there is no user-controlled data in this template. If user data can reach this template, you may have a XSS vulnerability.",open,2024-08-19T14:19:00.924157Z,medium,medium,untriaged,,,,"{'name': 'Semgrep-Demo/go-app', 'url': 'https://github.com/Semgrep-Demo/go-app'}","{'file_path': 'vulnerability/xss/xss.go', 'line': 52, 'column': 3, 'end_line': 65, 'end_column': 4}"
go.lang.security.audit.net.formatted-template-string.formatted-template-string,"Found a formatted template string passed to 'template.HTML()'. 'template.HTML()' does not escape contents. Be absolutely sure there is no user-controlled data in this template. If user data can reach this template, you may have a XSS vulnerability.",open,2024-08-19T14:19:00.924152Z,medium,medium,untriaged,,,,"{'name': 'Semgrep-Demo/go-app', 'url': 'https://github.com/Semgrep-Demo/go-app'}","{'file_path': 'vulnerability/xss/xss.go', 'line': 53, 'column': 3, 'end_line': 65, 'end_column': 4}"
go.lang.security.audit.net.formatted-template-string.formatted-template-string,"Found a formatted template string passed to 'template.HTML()'. 'template.HTML()' does not escape contents. Be absolutely sure there is no user-controlled data in this template. If user data can reach this template, you may have a XSS vulnerability.",open,2024-08-19T14:19:00.924146Z,medium,medium,untriaged,,,,"{'name': 'Semgrep-Demo/go-app', 'url': 'https://github.com/Semgrep-Demo/go-app'}","{'file_path': 'vulnerability/xss/xss.go', 'line': 61, 'column': 4, 'end_line': 63, 'end_column': 38}"
go.lang.security.audit.net.formatted-template-string.formatted-template-string,"Found a formatted template string passed to 'template.HTML()'. 'template.HTML()' does not escape contents. Be absolutely sure there is no user-controlled data in this template. If user data can reach this template, you may have a XSS vulnerability.",open,2024-08-19T14:19:00.924141Z,medium,medium,untriaged,,,,"{'name': 'Semgrep-Demo/go-app', 'url': 'https://github.com/Semgrep-Demo/go-app'}","{'file_path': 'vulnerability/xss/xss.go', 'line': 96, 'column': 2, 'end_line': 100, 'end_column': 44}"
go.lang.security.audit.xss.no-direct-write-to-responsewriter.no-direct-write-to-responsewriter,"Detected directly writing or similar in 'http.ResponseWriter.write()'. This bypasses HTML escaping that prevents cross-site scripting vulnerabilities. Instead, use the 'html/template' package and render data using 'template.Execute()'.",open,2024-08-19T14:19:00.924135Z,medium,low,untriaged,,,,"{'name': 'Semgrep-Demo/go-app', 'url': 'https://github.com/Semgrep-Demo/go-app'}","{'file_path': 'util/template.go', 'line': 35, 'column': 2, 'end_line': 35, 'end_column': 12}"
go.lang.security.audit.xss.template-html-does-not-escape.unsafe-template-type,"Semgrep could not determine that the argument to 'template.HTML()' is a constant. 'template.HTML()' and similar does not escape contents. Be absolutely sure there is no user-controlled data in this template. If user data can reach this template, you may have a XSS vulnerability. Instead, do not use this function and use 'template.Execute()'.",open,2024-08-19T14:19:00.924129Z,medium,low,untriaged,,,,"{'name': 'Semgrep-Demo/go-app', 'url': 'https://github.com/Semgrep-Demo/go-app'}","{'file_path': 'util/template.go', 'line': 45, 'column': 9, 'end_line': 45, 'end_column': 28}"
go.lang.security.audit.xss.template-html-does-not-escape.unsafe-template-type,"Semgrep could not determine that the argument to 'template.HTML()' is a constant. 'template.HTML()' and similar does not escape contents. Be absolutely sure there is no user-controlled data in this template. If user data can reach this template, you may have a XSS vulnerability. Instead, do not use this function and use 'template.Execute()'.",open,2024-08-19T14:19:00.924124Z,medium,low,untriaged,,,,"{'name': 'Semgrep-Demo/go-app', 'url': 'https://github.com/Semgrep-Demo/go-app'}","{'file_path': 'vulnerability/xss/xss.go', 'line': 58, 'column': 20, 'end_line': 58, 'end_column': 40}"
go.lang.security.audit.xss.template-html-does-not-escape.unsafe-template-type,"Semgrep could not determine that the argument to 'template.HTML()' is a constant. 'template.HTML()' and similar does not escape contents. Be absolutely sure there is no user-controlled data in this template. If user data can reach this template, you may have a XSS vulnerability. Instead, do not use this function and use 'template.Execute()'.",open,2024-08-19T14:19:00.924118Z,medium,low,untriaged,,,,"{'name': 'Semgrep-Demo/go-app', 'url': 'https://github.com/Semgrep-Demo/go-app'}","{'file_path': 'vulnerability/xss/xss.go', 'line': 59, 'column': 19, 'end_line': 59, 'end_column': 42}"
go.lang.security.audit.xss.template-html-does-not-escape.unsafe-template-type,"Semgrep could not determine that the argument to 'template.HTML()' is a constant. 'template.HTML()' and similar does not escape contents. Be absolutely sure there is no user-controlled data in this template. If user data can reach this template, you may have a XSS vulnerability. Instead, do not use this function and use 'template.Execute()'.",open,2024-08-19T14:19:00.924112Z,medium,low,untriaged,,,,"{'name': 'Semgrep-Demo/go-app', 'url': 'https://github.com/Semgrep-Demo/go-app'}","{'file_path': 'vulnerability/xss/xss.go', 'line': 62, 'column': 20, 'end_line': 62, 'end_column': 40}"
go.lang.security.audit.xss.template-html-does-not-escape.unsafe-template-type,"Semgrep could not determine that the argument to 'template.HTML()' is a constant. 'template.HTML()' and similar does not escape contents. Be absolutely sure there is no user-controlled data in this template. If user data can reach this template, you may have a XSS vulnerability. Instead, do not use this function and use 'template.Execute()'.",open,2024-08-19T14:19:00.924106Z,medium,low,untriaged,,,,"{'name': 'Semgrep-Demo/go-app', 'url': 'https://github.com/Semgrep-Demo/go-app'}","{'file_path': 'vulnerability/xss/xss.go', 'line': 63, 'column': 19, 'end_line': 63, 'end_column': 38}"
go.lang.security.audit.xss.template-html-does-not-escape.unsafe-template-type,"Semgrep could not determine that the argument to 'template.HTML()' is a constant. 'template.HTML()' and similar does not escape contents. Be absolutely sure there is no user-controlled data in this template. If user data can reach this template, you may have a XSS vulnerability. Instead, do not use this function and use 'template.Execute()'.",open,2024-08-19T14:19:00.924101Z,medium,low,untriaged,,,,"{'name': 'Semgrep-Demo/go-app', 'url': 'https://github.com/Semgrep-Demo/go-app'}","{'file_path': 'vulnerability/xss/xss.go', 'line': 100, 'column': 21, 'end_line': 100, 'end_column': 44}"
go.lang.security.injection.raw-html-format.raw-html-format,"Detected user input flowing into a manually constructed HTML string. You may be accidentally bypassing secure methods of rendering HTML by manually constructing HTML and this could create a cross-site scripting vulnerability, which could let attackers steal sensitive user data. Use the `html/template` package which will safely render HTML instead, or inspect that the HTML is rendered safely.",open,2024-08-19T14:19:00.924095Z,medium,medium,untriaged,,,,"{'name': 'Semgrep-Demo/go-app', 'url': 'https://github.com/Semgrep-Demo/go-app'}","{'file_path': 'vulnerability/xss/xss.go', 'line': 96, 'column': 14, 'end_line': 96, 'end_column': 64}"
go.net.xss.formatted-template-string-taint.formatted-template-string-taint,"Untrusted input could be used to tamper with a web page rendering, which can lead to a Cross-site scripting (XSS) vulnerability. XSS vulnerabilities occur when untrusted input executes malicious JavaScript code, leading to issues such as account compromise and sensitive information leakage. To prevent this vulnerability, validate the user input, perform contextual output encoding or sanitize the input. For more information, see: [Go XSS prevention](https://semgrep.dev/docs/cheat-sheets/go-xss/).",open,2024-08-19T14:19:00.924089Z,medium,high,untriaged,,,,"{'name': 'Semgrep-Demo/go-app', 'url': 'https://github.com/Semgrep-Demo/go-app'}","{'file_path': 'vulnerability/xss/xss.go', 'line': 100, 'column': 21, 'end_line': 100, 'end_column': 44}"
html.security.audit.missing-integrity.missing-integrity,"This tag is missing an 'integrity' subresource integrity attribute. The 'integrity' attribute allows for the browser to verify that externally hosted files (for example from a CDN) are delivered without unexpected manipulation. Without this attribute, if an attacker can modify the externally hosted resource, this could lead to XSS and other types of attacks. To prevent this, include the base64-encoded cryptographic hash of the resource (file) you’re telling the browser to fetch in the 'integrity' attribute for all externally hosted files.",open,2024-08-19T14:19:00.924084Z,medium,low,untriaged,,,,"{'name': 'Semgrep-Demo/go-app', 'url': 'https://github.com/Semgrep-Demo/go-app'}","{'file_path': 'templates/cart.html', 'line': 7, 'column': 5, 'end_line': 7, 'end_column': 71}"
html.security.audit.missing-integrity.missing-integrity,"This tag is missing an 'integrity' subresource integrity attribute. The 'integrity' attribute allows for the browser to verify that externally hosted files (for example from a CDN) are delivered without unexpected manipulation. Without this attribute, if an attacker can modify the externally hosted resource, this could lead to XSS and other types of attacks. To prevent this, include the base64-encoded cryptographic hash of the resource (file) you’re telling the browser to fetch in the 'integrity' attribute for all externally hosted files.",open,2024-08-19T14:19:00.924078Z,medium,low,untriaged,,,,"{'name': 'Semgrep-Demo/go-app', 'url': 'https://github.com/Semgrep-Demo/go-app'}","{'file_path': 'templates/template.login.html', 'line': 7, 'column': 5, 'end_line': 7, 'end_column': 94}"
html.security.audit.missing-integrity.missing-integrity,"This tag is missing an 'integrity' subresource integrity attribute. The 'integrity' attribute allows for the browser to verify that externally hosted files (for example from a CDN) are delivered without unexpected manipulation. Without this attribute, if an attacker can modify the externally hosted resource, this could lead to XSS and other types of attacks. To prevent this, include the base64-encoded cryptographic hash of the resource (file) you’re telling the browser to fetch in the 'integrity' attribute for all externally hosted files.",open,2024-08-19T14:19:00.924072Z,medium,low,untriaged,,,,"{'name': 'Semgrep-Demo/go-app', 'url': 'https://github.com/Semgrep-Demo/go-app'}","{'file_path': 'templates/template.login.html', 'line': 8, 'column': 5, 'end_line': 8, 'end_column': 119}"
html.security.plaintext-http-link.plaintext-http-link,This link points to a plaintext HTTP URL. Prefer an encrypted HTTPS URL if possible.,open,2024-08-19T14:19:00.924066Z,medium,high,untriaged,,,,"{'name': 'Semgrep-Demo/go-app', 'url': 'https://github.com/Semgrep-Demo/go-app'}","{'file_path': 'templates/template.idor1.html', 'line': 56, 'column': 21, 'end_line': 56, 'end_column': 210}"
html.security.plaintext-http-link.plaintext-http-link,This link points to a plaintext HTTP URL. Prefer an encrypted HTTPS URL if possible.,open,2024-08-19T14:19:00.924060Z,medium,high,untriaged,,,,"{'name': 'Semgrep-Demo/go-app', 'url': 'https://github.com/Semgrep-Demo/go-app'}","{'file_path': 'templates/template.idor2.html', 'line': 57, 'column': 21, 'end_line': 57, 'end_column': 210}"
html.security.plaintext-http-link.plaintext-http-link,This link points to a plaintext HTTP URL. Prefer an encrypted HTTPS URL if possible.,open,2024-08-19T14:19:00.924054Z,medium,high,untriaged,,,,"{'name': 'Semgrep-Demo/go-app', 'url': 'https://github.com/Semgrep-Demo/go-app'}","{'file_path': 'templates/template.sqli1.html', 'line': 19, 'column': 21, 'end_line': 19, 'end_column': 120}"
html.security.plaintext-http-link.plaintext-http-link,This link points to a plaintext HTTP URL. Prefer an encrypted HTTPS URL if possible.,open,2024-08-19T14:19:00.924049Z,medium,high,untriaged,,,,"{'name': 'Semgrep-Demo/go-app', 'url': 'https://github.com/Semgrep-Demo/go-app'}","{'file_path': 'templates/template.sqli2.html', 'line': 18, 'column': 29, 'end_line': 18, 'end_column': 112}"
html.security.plaintext-http-link.plaintext-http-link,This link points to a plaintext HTTP URL. Prefer an encrypted HTTPS URL if possible.,open,2024-08-19T14:19:00.924043Z,medium,high,untriaged,,,,"{'name': 'Semgrep-Demo/go-app', 'url': 'https://github.com/Semgrep-Demo/go-app'}","{'file_path': 'templates/template.sqli2.html', 'line': 19, 'column': 29, 'end_line': 19, 'end_column': 128}"
javascript.express.security.audit.xss.mustache.var-in-href.var-in-href,"Detected a template variable used in an anchor tag with the 'href' attribute. This allows a malicious actor to input the 'javascript:' URI and is subject to cross- site scripting (XSS) attacks. If using a relative URL, start with a literal forward slash and concatenate the URL, like this: href='/{{link}}'. You may also consider setting the Content Security Policy (CSP) header.",open,2024-08-19T14:19:00.924038Z,medium,low,untriaged,,,,"{'name': 'Semgrep-Demo/go-app', 'url': 'https://github.com/Semgrep-Demo/go-app'}","{'file_path': 'templates/setup.sidebar.html', 'line': 12, 'column': 25, 'end_line': 12, 'end_column': 52}"
javascript.express.security.audit.xss.mustache.var-in-href.var-in-href,"Detected a template variable used in an anchor tag with the 'href' attribute. This allows a malicious actor to input the 'javascript:' URI and is subject to cross- site scripting (XSS) attacks. If using a relative URL, start with a literal forward slash and concatenate the URL, like this: href='/{{link}}'. You may also consider setting the Content Security Policy (CSP) header.",open,2024-08-19T14:19:00.924032Z,medium,low,untriaged,,,,"{'name': 'Semgrep-Demo/go-app', 'url': 'https://github.com/Semgrep-Demo/go-app'}","{'file_path': 'templates/setup.sidebar.html', 'line': 18, 'column': 29, 'end_line': 18, 'end_column': 56}"
javascript.express.security.audit.xss.mustache.var-in-href.var-in-href,"Detected a template variable used in an anchor tag with the 'href' attribute. This allows a malicious actor to input the 'javascript:' URI and is subject to cross- site scripting (XSS) attacks. If using a relative URL, start with a literal forward slash and concatenate the URL, like this: href='/{{link}}'. You may also consider setting the Content Security Policy (CSP) header.",open,2024-08-19T14:19:00.924027Z,medium,low,untriaged,,,,"{'name': 'Semgrep-Demo/go-app', 'url': 'https://github.com/Semgrep-Demo/go-app'}","{'file_path': 'templates/template.sidebar.html', 'line': 12, 'column': 25, 'end_line': 12, 'end_column': 52}"
javascript.express.security.audit.xss.mustache.var-in-href.var-in-href,"Detected a template variable used in an anchor tag with the 'href' attribute. This allows a malicious actor to input the 'javascript:' URI and is subject to cross- site scripting (XSS) attacks. If using a relative URL, start with a literal forward slash and concatenate the URL, like this: href='/{{link}}'. You may also consider setting the Content Security Policy (CSP) header.",open,2024-08-19T14:19:00.924020Z,medium,low,untriaged,,,,"{'name': 'Semgrep-Demo/go-app', 'url': 'https://github.com/Semgrep-Demo/go-app'}","{'file_path': 'templates/template.sidebar.html', 'line': 18, 'column': 29, 'end_line': 18, 'end_column': 56}"
javascript.express.security.audit.xss.mustache.var-in-href.var-in-href,"Detected a template variable used in an anchor tag with the 'href' attribute. This allows a malicious actor to input the 'javascript:' URI and is subject to cross- site scripting (XSS) attacks. If using a relative URL, start with a literal forward slash and concatenate the URL, like this: href='/{{link}}'. You may also consider setting the Content Security Policy (CSP) header.",open,2024-08-19T14:19:00.924014Z,medium,low,untriaged,,,,"{'name': 'Semgrep-Demo/go-app', 'url': 'https://github.com/Semgrep-Demo/go-app'}","{'file_path': 'templates/template.sidebar.html', 'line': 27, 'column': 29, 'end_line': 27, 'end_column': 71}"
javascript.express.security.audit.xss.mustache.var-in-href.var-in-href,"Detected a template variable used in an anchor tag with the 'href' attribute. This allows a malicious actor to input the 'javascript:' URI and is subject to cross- site scripting (XSS) attacks. If using a relative URL, start with a literal forward slash and concatenate the URL, like this: href='/{{link}}'. You may also consider setting the Content Security Policy (CSP) header.",open,2024-08-19T14:19:00.924009Z,medium,low,untriaged,,,,"{'name': 'Semgrep-Demo/go-app', 'url': 'https://github.com/Semgrep-Demo/go-app'}","{'file_path': 'templates/template.sidebar.html', 'line': 28, 'column': 29, 'end_line': 28, 'end_column': 84}"
javascript.express.security.audit.xss.mustache.var-in-href.var-in-href,"Detected a template variable used in an anchor tag with the 'href' attribute. This allows a malicious actor to input the 'javascript:' URI and is subject to cross- site scripting (XSS) attacks. If using a relative URL, start with a literal forward slash and concatenate the URL, like this: href='/{{link}}'. You may also consider setting the Content Security Policy (CSP) header.",open,2024-08-19T14:19:00.924004Z,medium,low,untriaged,,,,"{'name': 'Semgrep-Demo/go-app', 'url': 'https://github.com/Semgrep-Demo/go-app'}","{'file_path': 'templates/template.sidebar.html', 'line': 36, 'column': 29, 'end_line': 36, 'end_column': 69}"
javascript.express.security.audit.xss.mustache.var-in-href.var-in-href,"Detected a template variable used in an anchor tag with the 'href' attribute. This allows a malicious actor to input the 'javascript:' URI and is subject to cross- site scripting (XSS) attacks. If using a relative URL, start with a literal forward slash and concatenate the URL, like this: href='/{{link}}'. You may also consider setting the Content Security Policy (CSP) header.",open,2024-08-19T14:19:00.923998Z,medium,low,untriaged,,,,"{'name': 'Semgrep-Demo/go-app', 'url': 'https://github.com/Semgrep-Demo/go-app'}","{'file_path': 'templates/template.sidebar.html', 'line': 37, 'column': 29, 'end_line': 37, 'end_column': 82}"
javascript.express.security.audit.xss.mustache.var-in-href.var-in-href,"Detected a template variable used in an anchor tag with the 'href' attribute. This allows a malicious actor to input the 'javascript:' URI and is subject to cross- site scripting (XSS) attacks. If using a relative URL, start with a literal forward slash and concatenate the URL, like this: href='/{{link}}'. You may also consider setting the Content Security Policy (CSP) header.",open,2024-08-19T14:19:00.923993Z,medium,low,untriaged,,,,"{'name': 'Semgrep-Demo/go-app', 'url': 'https://github.com/Semgrep-Demo/go-app'}","{'file_path': 'templates/template.sidebar.html', 'line': 44, 'column': 33, 'end_line': 44, 'end_column': 75}"
javascript.express.security.audit.xss.mustache.var-in-href.var-in-href,"Detected a template variable used in an anchor tag with the 'href' attribute. This allows a malicious actor to input the 'javascript:' URI and is subject to cross- site scripting (XSS) attacks. If using a relative URL, start with a literal forward slash and concatenate the URL, like this: href='/{{link}}'. You may also consider setting the Content Security Policy (CSP) header.",open,2024-08-19T14:19:00.923988Z,medium,low,untriaged,,,,"{'name': 'Semgrep-Demo/go-app', 'url': 'https://github.com/Semgrep-Demo/go-app'}","{'file_path': 'templates/template.sidebar.html', 'line': 45, 'column': 33, 'end_line': 45, 'end_column': 75}"
javascript.express.security.audit.xss.mustache.var-in-href.var-in-href,"Detected a template variable used in an anchor tag with the 'href' attribute. This allows a malicious actor to input the 'javascript:' URI and is subject to cross- site scripting (XSS) attacks. If using a relative URL, start with a literal forward slash and concatenate the URL, like this: href='/{{link}}'. You may also consider setting the Content Security Policy (CSP) header.",open,2024-08-19T14:19:00.923983Z,medium,low,untriaged,,,,"{'name': 'Semgrep-Demo/go-app', 'url': 'https://github.com/Semgrep-Demo/go-app'}","{'file_path': 'templates/template.sidebar.html', 'line': 56, 'column': 29, 'end_line': 56, 'end_column': 54}"
javascript.express.security.audit.xss.mustache.var-in-href.var-in-href,"Detected a template variable used in an anchor tag with the 'href' attribute. This allows a malicious actor to input the 'javascript:' URI and is subject to cross- site scripting (XSS) attacks. If using a relative URL, start with a literal forward slash and concatenate the URL, like this: href='/{{link}}'. You may also consider setting the Content Security Policy (CSP) header.",open,2024-08-19T14:19:00.923976Z,medium,low,untriaged,,,,"{'name': 'Semgrep-Demo/go-app', 'url': 'https://github.com/Semgrep-Demo/go-app'}","{'file_path': 'templates/template.sidebar.html', 'line': 63, 'column': 29, 'end_line': 63, 'end_column': 58}"
javascript.express.security.audit.xss.mustache.var-in-href.var-in-href,"Detected a template variable used in an anchor tag with the 'href' attribute. This allows a malicious actor to input the 'javascript:' URI and is subject to cross- site scripting (XSS) attacks. If using a relative URL, start with a literal forward slash and concatenate the URL, like this: href='/{{link}}'. You may also consider setting the Content Security Policy (CSP) header.",open,2024-08-19T14:19:00.923971Z,medium,low,untriaged,,,,"{'name': 'Semgrep-Demo/go-app', 'url': 'https://github.com/Semgrep-Demo/go-app'}","{'file_path': 'templates/template.sidebar.html', 'line': 68, 'column': 29, 'end_line': 68, 'end_column': 57}"
javascript.lang.security.audit.detect-non-literal-regexp.detect-non-literal-regexp,"RegExp() called with a `a` function argument, this might allow an attacker to cause a Regular Expression Denial-of-Service (ReDoS) within your application as RegExP blocks the main thread. For this reason, it is recommended to use hardcoded regexes instead. If your regex is run on user-controlled input, consider performing input validation or use a regex checking/sanitization library such as https://www.npmjs.com/package/recheck to verify that the regex does not appear vulnerable to ReDoS.",open,2024-08-19T14:19:00.923965Z,medium,low,untriaged,,,,"{'name': 'Semgrep-Demo/go-app', 'url': 'https://github.com/Semgrep-Demo/go-app'}","{'file_path': 'public/js/jquery-3.2.1-min.js', 'line': 2, 'column': 14873, 'end_line': 2, 'end_column': 14910}"
javascript.lang.security.audit.detect-non-literal-regexp.detect-non-literal-regexp,"RegExp() called with a `b` function argument, this might allow an attacker to cause a Regular Expression Denial-of-Service (ReDoS) within your application as RegExP blocks the main thread. For this reason, it is recommended to use hardcoded regexes instead. If your regex is run on user-controlled input, consider performing input validation or use a regex checking/sanitization library such as https://www.npmjs.com/package/recheck to verify that the regex does not appear vulnerable to ReDoS.",open,2024-08-19T14:19:00.923960Z,medium,low,untriaged,,,,"{'name': 'Semgrep-Demo/go-app', 'url': 'https://github.com/Semgrep-Demo/go-app'}","{'file_path': 'public/js/jquery-3.2.1-min.js', 'line': 3, 'column': 9255, 'end_line': 3, 'end_column': 9310}"
javascript.lang.security.audit.detect-non-literal-regexp.detect-non-literal-regexp,"RegExp() called with a `b` function argument, this might allow an attacker to cause a Regular Expression Denial-of-Service (ReDoS) within your application as RegExP blocks the main thread. For this reason, it is recommended to use hardcoded regexes instead. If your regex is run on user-controlled input, consider performing input validation or use a regex checking/sanitization library such as https://www.npmjs.com/package/recheck to verify that the regex does not appear vulnerable to ReDoS.",open,2024-08-19T14:19:00.923955Z,medium,low,untriaged,,,,"{'name': 'Semgrep-Demo/go-app', 'url': 'https://github.com/Semgrep-Demo/go-app'}","{'file_path': 'public/js/jquery-3.2.1-min.js', 'line': 4, 'column': 5105, 'end_line': 4, 'end_column': 5160}"
javascript.lang.security.audit.prototype-pollution.prototype-pollution-loop.prototype-pollution-loop,"Possibility of prototype polluting function detected. By adding or modifying attributes of an object prototype, it is possible to create attributes that exist on every object, or replace critical attributes with malicious ones. This can be problematic if the software depends on existence or non-existence of certain attributes, or uses pre-defined attributes of object prototype (such as hasOwnProperty, toString or valueOf). Possible mitigations might be: freezing the object prototype, using an object without prototypes (via Object.create(null) ), blocking modifications of attributes that resolve to object prototype, using Map instead of object.",open,2024-08-19T14:19:00.923949Z,medium,low,untriaged,,,,"{'name': 'Semgrep-Demo/go-app', 'url': 'https://github.com/Semgrep-Demo/go-app'}","{'file_path': 'public/js/jquery-3.2.1-min.js', 'line': 2, 'column': 15678, 'end_line': 2, 'end_column': 15686}"
javascript.lang.security.audit.prototype-pollution.prototype-pollution-loop.prototype-pollution-loop,"Possibility of prototype polluting function detected. By adding or modifying attributes of an object prototype, it is possible to create attributes that exist on every object, or replace critical attributes with malicious ones. This can be problematic if the software depends on existence or non-existence of certain attributes, or uses pre-defined attributes of object prototype (such as hasOwnProperty, toString or valueOf). Possible mitigations might be: freezing the object prototype, using an object without prototypes (via Object.create(null) ), blocking modifications of attributes that resolve to object prototype, using Map instead of object.",open,2024-08-19T14:19:00.923944Z,medium,low,untriaged,,,,"{'name': 'Semgrep-Demo/go-app', 'url': 'https://github.com/Semgrep-Demo/go-app'}","{'file_path': 'public/js/jquery-3.2.1-min.js', 'line': 2, 'column': 26763, 'end_line': 2, 'end_column': 26771}"
python.django.security.audit.xss.template-href-var.template-href-var,Detected a template variable used in an anchor tag with the 'href' attribute. This allows a malicious actor to input the 'javascript:' URI and is subject to cross- site scripting (XSS) attacks. Use the 'url' template tag to safely generate a URL. You may also consider setting the Content Security Policy (CSP) header.,open,2024-08-19T14:19:00.923938Z,medium,low,untriaged,,,,"{'name': 'Semgrep-Demo/go-app', 'url': 'https://github.com/Semgrep-Demo/go-app'}","{'file_path': 'templates/template.sidebar.html', 'line': 28, 'column': 32, 'end_line': 28, 'end_column': 68}"
python.django.security.audit.xss.template-href-var.template-href-var,Detected a template variable used in an anchor tag with the 'href' attribute. This allows a malicious actor to input the 'javascript:' URI and is subject to cross- site scripting (XSS) attacks. Use the 'url' template tag to safely generate a URL. You may also consider setting the Content Security Policy (CSP) header.,open,2024-08-19T14:19:00.923931Z,medium,low,untriaged,,,,"{'name': 'Semgrep-Demo/go-app', 'url': 'https://github.com/Semgrep-Demo/go-app'}","{'file_path': 'templates/template.sidebar.html', 'line': 37, 'column': 32, 'end_line': 37, 'end_column': 67}"
python.django.security.django-no-csrf-token.django-no-csrf-token,Manually-created forms in django templates should specify a csrf_token to prevent CSRF attacks.,open,2024-08-19T14:19:00.923924Z,medium,medium,untriaged,,,,"{'name': 'Semgrep-Demo/go-app', 'url': 'https://github.com/Semgrep-Demo/go-app'}","{'file_path': 'templates/template.login.html', 'line': 29, 'column': 25, 'end_line': 39, 'end_column': 32}"
python.flask.security.xss.audit.template-href-var.template-href-var,Detected a template variable used in an anchor tag with the 'href' attribute. This allows a malicious actor to input the 'javascript:' URI and is subject to cross- site scripting (XSS) attacks. Use 'url_for()' to safely generate a URL. You may also consider setting the Content Security Policy (CSP) header.,open,2024-08-19T14:19:00.923918Z,medium,low,untriaged,,,,"{'name': 'Semgrep-Demo/go-app', 'url': 'https://github.com/Semgrep-Demo/go-app'}","{'file_path': 'templates/template.sidebar.html', 'line': 28, 'column': 32, 'end_line': 28, 'end_column': 68}"
python.flask.security.xss.audit.template-href-var.template-href-var,Detected a template variable used in an anchor tag with the 'href' attribute. This allows a malicious actor to input the 'javascript:' URI and is subject to cross- site scripting (XSS) attacks. Use 'url_for()' to safely generate a URL. You may also consider setting the Content Security Policy (CSP) header.,open,2024-08-19T14:19:00.923912Z,medium,low,untriaged,,,,"{'name': 'Semgrep-Demo/go-app', 'url': 'https://github.com/Semgrep-Demo/go-app'}","{'file_path': 'templates/template.sidebar.html', 'line': 37, 'column': 32, 'end_line': 37, 'end_column': 67}"
yaml.docker-compose.security.no-new-privileges.no-new-privileges,Service 'db-mysql' allows for privilege escalation via setuid or setgid binaries. Add 'no-new-privileges:true' in 'security_opt' to prevent this.,open,2024-08-19T14:19:00.923907Z,medium,low,untriaged,,,,"{'name': 'Semgrep-Demo/go-app', 'url': 'https://github.com/Semgrep-Demo/go-app'}","{'file_path': 'docker-compose.yml', 'line': 14, 'column': 3, 'end_line': 14, 'end_column': 11}"
yaml.docker-compose.security.writable-filesystem-service.writable-filesystem-service,"Service 'db-mysql' is running with a writable root filesystem. This may allow malicious applications to download and run additional payloads, or modify container files. If an application inside a container has to save something temporarily consider using a tmpfs. Add 'read_only: true' to this service to prevent this.",open,2024-08-19T14:19:00.923901Z,medium,low,untriaged,,,,"{'name': 'Semgrep-Demo/go-app', 'url': 'https://github.com/Semgrep-Demo/go-app'}","{'file_path': 'docker-compose.yml', 'line': 14, 'column': 3, 'end_line': 14, 'end_column': 11}"
semgrep_demo.formatted-template-string-taint-copy,"Untrusted input could be used to tamper with a web page rendering, which can lead to a Cross-site scripting (XSS) vulnerability. XSS vulnerabilities occur when untrusted input executes malicious JavaScript code, leading to issues such as account compromise and sensitive information leakage. To prevent this vulnerability, validate the user input, perform contextual output encoding or sanitize the input. For more information, see: [Go XSS prevention](https://semgrep.dev/docs/cheat-sheets/go-xss/). ",open,2024-08-19T14:19:00.923886Z,medium,high,untriaged,,,,"{'name': 'Semgrep-Demo/go-app', 'url': 'https://github.com/Semgrep-Demo/go-app'}","{'file_path': 'vulnerability/xss/xss.go', 'line': 100, 'column': 21, 'end_line': 100, 'end_column': 44}"
